{"cameraMode":{"drawMode":0,"name":"Shaded","section":"Shading Mode"},"sceneLighting":true,"audioPlay":false,"sceneViewState":{"m_AlwaysRefresh":false,"showFog":true,"showSkybox":true,"showFlares":true,"showImageEffects":true,"showParticleSystems":true,"showVisualEffectGraphs":true,"m_FxEnabled":true},"in2DMode":false,"pivot":{"x":0.9235766530036926,"y":2.9355921745300295,"z":-1.9415124654769898},"rotation":{"x":0.25882458686828616,"y":-0.1925673633813858,"z":0.05273069068789482,"w":0.9450803399085999},"size":0.8660253882408142,"orthographic":false}