{"cameraMode":{"drawMode":0,"name":"Shaded","section":"Shading Mode"},"sceneLighting":true,"audioPlay":false,"sceneViewState":{"m_AlwaysRefresh":false,"showFog":true,"showSkybox":true,"showFlares":true,"showImageEffects":true,"showParticleSystems":true,"showVisualEffectGraphs":true,"m_FxEnabled":true},"in2DMode":false,"pivot":{"x":-0.49574026465415957,"y":11.093475341796875,"z":-13.250147819519043},"rotation":{"x":-0.38392236828804018,"y":0.1232554242014885,"z":-0.05179363861680031,"w":-0.9136358499526978},"size":4.339299201965332,"orthographic":false}